Slide Number,Topic,Subject,Title,Category,Filename
1,Course Framing,,Course Framing,Agenda,
2,Course Framing,,Course Framing,Agenda,
3,Inheritance Review,,Inheritance Review,Summary,
4,Inheritance Review,,Inheritance Review,Summary,
5,Inheritance Review,,Inheritance Review,Summary,
6,Inheritance Review,,Inheritance Review,Summary,
7,Inheritance Review,,Inheritance Review,Summary,
8,Inheritance Review,,Inheritance Review,Summary,
9,Inheritance Review,,Inheritance Review,Summary,
10,Inheritance Review,,Inheritance Review,Summary,
11,Inheritance Review,,Inheritance Review,Summary,
12,Inheritance Review,,Inheritance Review,Summary,
13,Inheritance Review,,Inheritance Review,Summary,
14,Inheritance Review,,Relationship Summary,Summary,
15,Inheritance Review,,Relationship Summary,Summary,
16,Inheritance Review,,Relationship Summary,Summary,
17,Inheritance Review,,Relationship Summary,Summary,
18,Inheritance Review,,Relationship Summary,Summary,
19,Practice and Review,,Homework and Exercise Tasks,Appendix - Practice,
20,Practice and Review,,Homework and Exercise Tasks,Appendix - Practice,
21,Practice and Review,,Homework and Exercise Tasks,Appendix - Practice,
22,Practice and Review,,Homework and Exercise Tasks,Appendix - Practice,
23,Practice and Review,,Homework and Exercise Tasks,Appendix - Practice,
24,Practice and Review,,Homework and Exercise Tasks,Appendix - Practice,
25,Practice and Review,,Homework and Exercise Tasks,Appendix - Practice,
26,Practice and Review,,Homework and Exercise Tasks,Appendix - Practice,
27,Practice and Review,,Homework and Exercise Tasks,Appendix - Practice,
28,Practice and Review,,Homework and Exercise Tasks,Appendix - Practice,
29,Practice and Review,,Homework and Exercise Tasks,Appendix - Practice,
30,Polymorphic Data Structures,Polymorphic Data Structures,Inheritance Questions,Decision Point,
31,Polymorphic Data Structures,Polymorphic Data Structures,Inheritance Questions,Decision Point,
32,Polymorphic Data Structures,Polymorphic Data Structures,Inheritance Questions,Decision Point,
33,Polymorphic Data Structures,Polymorphic Data Structures,Traversing Object Data Structures,Define,
34,Polymorphic Data Structures,Polymorphic Data Structures,Traversing Object Data Structures,Define,
35,Polymorphic Data Structures,Polymorphic Data Structures,Traversing Object Data Structures,Define,
36,Polymorphic Data Structures,Polymorphic Data Structures,Traversing Object Data Structures,Define,
37,Overriding Functions,Overriding Functions,Overriding Base Functions,Define,
38,Overriding Functions,Overriding Functions,Overriding Base Functions,Define,
39,Overriding Functions,Overriding Functions,Overriding Base Functions,Define,
40,Overriding Functions,Overriding Functions,Overriding Base Functions,Define,
41,Overriding Functions,Overriding Functions,Overriding Base Functions,Define,
42,Overriding Functions,Overriding Functions,Overriding Base Functions,Define,
43,Overriding Functions,Overriding Functions,Overriding Base Functions,Define,
44,Inheritance Design,,Inheritance Design Activity,Appendix - Practice,
45,Inheritance Design,,Inheritance Design Activity,Appendix - Practice,
46,Inheritance Design,,Inheritance Design Activity,Appendix - Practice,
47,Inheritance and Data Structures,Inheritance and Data Structures,Coding Practice,Appendix - Practice,
48,Inheritance and Data Structures,Inheritance and Data Structures,Coding Practice,Appendix - Practice,
49,Inheritance and Data Structures,Inheritance and Data Structures,Coding Practice,Appendix - Practice,
50,Inheritance and Data Structures,Inheritance and Data Structures,Data Structures and Inheritance,Define,
51,Inheritance and Data Structures,Inheritance and Data Structures,Data Structures and Inheritance,Define,
52,Inheritance and Data Structures,Inheritance and Data Structures,Data Structures and Inheritance,Define,
53,Inheritance and Data Structures,Inheritance and Data Structures,Data Structures and Inheritance,Define,
54,Inheritance and Data Structures,Inheritance and Data Structures,Data Structures and Inheritance,Define,
55,Inheritance Applications,Inheritance Applications,Vehicle Applications,Demonstration,
56,Inheritance Applications,Inheritance Applications,Vehicle Applications,Demonstration,
57,Inheritance Applications,Inheritance Applications,Vehicle Applications,Demonstration,
58,Inheritance Applications,Inheritance Applications,Vehicle Applications,Demonstration,
